{"camera_world_matrix": [[1.0, 0.0, 0.0, 0.0], [0.0, 1.0, 0.0, 0.0], [0.0, 0.0, 1.0, 1.0], [0.0, 0.0, 0.0, 1.0]], "model_view_matrix": [[1.0, -0.0, 0.0, -0.0], [-0.0, 1.0, -0.0, 0.0], [0.0, -0.0, 1.0, -1.0], [-0.0, 0.0, -0.0, 1.0]], "projection_matrix": [[1.9444442987442017, 0.0, 0.0, 0.0], [0.0, 1.9444442987442017, 0.0, 0.0], [0.0, 0.0, -1.0020020008087158, -0.20020020008087158], [0.0, 0.0, -1.0, 0.0]]}